https://temp-mail.org,Updated weekly,Active for 10 min
http://www.20minutemail.com,Paid,paid
https://getnada.com,fixed,drop Down
https://www.guerrillamail.com/,fixed,drop Down
https://www.tempmailaddress.com/,fixed,active for an hour
http://mailcatch.com,fixed,one time
http://mailnesia.com,fixed,one time
https://www.throwawaymail.com,create email. might be a bit sticky because they check for robot every time,48 hours with captcha
https://www.emailondeck.com/,Updates weekly,one time
https://10minutemail.net,fixed,3 domains
https://www.minuteinbox.com/,fixed,one time
https://inboxkitten.com,fixed,one time
https://tempail.com/,fixed,one time
http://www.yopmail.com/en/,fixed,one time a whole list is available at https://yopmail.com/en/alternate-domains
https://maildrop.cc,fixed,one time
https://www.mohmal.com/en,Update rarely,one time
https://tempr.email/,They have a very long list of domains. Look for the last 10-15 domains in their list. These are usually new.,drop down
https://www.mintemail.com/,Unchanged domains,one time
https://emailfake.com/,change domains frequently,drop down
https://generator.email/,change domains frequently,drop down
https://www.fakemailgenerator.net/,Change Domains,drop down
http://www.fakemailgenerator.com,,drop down
https://www.mail-fake.com/,change domains frequently,drop down
https://faketempmail.com/,Change domains ,drop down
https://instant-email.org/,change domains,drop down
https://www.contactburner.com,fixed,Paid
https://www.33mail.com,fixed,Paid
https://www.crazymailing.com/,fixed,one time
https://mailgen.biz/,fixed,drop down
https://www.trash-mail.com/new-address/,fixed,drop down
https://www.fakeemail.co,fixed,one time
https://harakirimail.com/,fixed,one time
https://www.spoofbox.com/,fixed,drop down
https://uroid.com/,fixed,one time
https://10minutemail.com,fixed,one time
https://lortemail.dk/,fixed,drop down
https://anonbox.net/en/,Change domain,one time
https://www.1secmail.com/,fixed,drop down
https://mail-temp.com/blog/temp-gmail-generator,gmail/googlemail disposable provider,Depth Analysis
https://trashmail.com/,fixed,drop down
https://www.e4ward.com/,nothing,one time
https://www.moakt.com/fr,fixed,drop down
http://www.eyepaste.com/,fixed,one time
https://muellmail.com/,fixed,drop down
http://www.wegwerfemail.de/,fixed,drop down
https://www.einweg-email.com,fixed,one time
https://mail1a.de/,fixed,one time
https://m.kuku.lu/index.php,Change Domain,random
https://dropmail.me,,drop down
https://24hour.email/ru/,Unchanged domains,drop down
https://sute.jp/,Unchanged domains,one time
https://10minutemail.info/,Unchanged domains,one time
https://www.email-temporanea.com/,Unchanged domains,one time
https://www.disposablemail.com/,Unchanged domains,one time
https://tempail.com/,Unchanged domains,one time
https://www.tempmailaddress.com/,Change domains,one time
https://mail-temp.com/,Change Domains,drop down
tempemail.co,,drop down
https://beta.10minutemail.com/,Change Domains,one time
snapmail.cc,,one time
tijdelijke-email.nl,,one time
,,
,,
https://boun.cr/,fixed,discuss
https://www.mailinator.com/,fixed,discuss
https://www.trashspam.com,fixed,discuss
http://www.fakeinbox.com/,fixed,discuss
https://tempemails.net/,fixed,discuss
https://clipmails.com/,fixed,discuss
http://www.filzmail.com/,website is broken at the moment,discuss
https://getinboxes.com,fixed,discuss
http://www.incognitomail.com/,fixed,discuss
https://www.fakemyinbox.com/,Change domains,discuss
https://sneakemail.com/,paid,want log in
https://tempmails.org,,not a source
https://www.mydlo.ru/,Unchanged domains,not a disposable source
http://15qm.com/,nothing,not a disposable source
spambox.me,,404
https://tempmail.ninja/,,404
http://instance-email.com,nothing,404
https://emailtemporal.org/,Change Domain,526
http://www.tempinbox.com/,fixed,404
http://instantemailaddress.com/,,404
https://www.luxusmail.org,Change Domains,404
http://www.mailhazard.com/,fixed,404
https://tm.in-ulm.de/,fixed,404
http://www.mytrashmail.com,Update rarely,404
http://www.spamex.com/,fixed,404
https://mytemp.email/,change domains ,404
https://storegmail.com/,gmail disposable providers,404
https://www.ahem.email/,Unchanged domains,404
https://mailshiv.com/fr,fixed,404
http://www.mail-temporaire.fr/,french provider,404
https://www.unerkannt.org/,fixed,404
https://owlymail.com/en/,fixed,404
http://getairmail.com/,website is broken at the moment,404
https://tempsky.com/,Change domains,404
https://www.jetable.org,fixed,404
https://nomail.cc/,,404
https://anyalias.com/,nothing,404
https://tempmail.io/,,404
https://correotemporal.org/,,404
https://www.xtmail.info,,404
brefmail.com,,404
